"filename", "language", "XML", "Batch", "Markdown", "Log", "Java Properties", "Java", "comment", "blank", "total"
"d:\Program Files\VSCodeProject\simple-raft\.mvn\wrapper\maven-wrapper.properties", "Java Properties", 0, 0, 0, 0, 2, 0, 0, 1, 3
"d:\Program Files\VSCodeProject\simple-raft\README.md", "Markdown", 0, 0, 1, 0, 0, 0, 0, 1, 2
"d:\Program Files\VSCodeProject\simple-raft\mvnw.cmd", "Batch", 0, 118, 0, 0, 0, 0, 51, 37, 206
"d:\Program Files\VSCodeProject\simple-raft\pom.xml", "XML", 83, 0, 0, 0, 0, 0, 6, 18, 107
"d:\Program Files\VSCodeProject\simple-raft\rocksdb\9000\logModule\000033.log", "Log", 0, 0, 0, 0, 0, 0, 0, 1, 1
"d:\Program Files\VSCodeProject\simple-raft\rocksdb\9000\stateMachine\000033.log", "Log", 0, 0, 0, 0, 0, 0, 0, 1, 1
"d:\Program Files\VSCodeProject\simple-raft\rocksdb\null\logModule\000042.log", "Log", 0, 0, 0, 1, 0, 0, 0, 0, 1
"d:\Program Files\VSCodeProject\simple-raft\rocksdb\null\logsdir\000052.log", "Log", 0, 0, 0, 3, 0, 0, 0, 0, 3
"d:\Program Files\VSCodeProject\simple-raft\rocksdb\null\stateMachine\000036.log", "Log", 0, 0, 0, 0, 0, 0, 0, 1, 1
"d:\Program Files\VSCodeProject\simple-raft\src\log4j.properties", "Java Properties", 0, 0, 0, 0, 0, 0, 0, 1, 1
"d:\Program Files\VSCodeProject\simple-raft\src\main\java\com\avan\simpleraft\RaftNode.java", "Java", 0, 0, 0, 0, 0, 601, 92, 136, 829
"d:\Program Files\VSCodeProject\simple-raft\src\main\java\com\avan\simpleraft\SimpleRaftApplication.java", "Java", 0, 0, 0, 0, 0, 13, 2, 7, 22
"d:\Program Files\VSCodeProject\simple-raft\src\main\java\com\avan\simpleraft\config\RaftConfig.java", "Java", 0, 0, 0, 0, 0, 11, 0, 8, 19
"d:\Program Files\VSCodeProject\simple-raft\src\main\java\com\avan\simpleraft\constant\Command.java", "Java", 0, 0, 0, 0, 0, 15, 0, 7, 22
"d:\Program Files\VSCodeProject\simple-raft\src\main\java\com\avan\simpleraft\constant\CommandType.java", "Java", 0, 0, 0, 0, 0, 6, 0, 3, 9
"d:\Program Files\VSCodeProject\simple-raft\src\main\java\com\avan\simpleraft\constant\NodeInfo.java", "Java", 0, 0, 0, 0, 0, 5, 0, 2, 7
"d:\Program Files\VSCodeProject\simple-raft\src\main\java\com\avan\simpleraft\constant\NodeState.java", "Java", 0, 0, 0, 0, 0, 6, 0, 2, 8
"d:\Program Files\VSCodeProject\simple-raft\src\main\java\com\avan\simpleraft\constant\RequestType.java", "Java", 0, 0, 0, 0, 0, 8, 5, 2, 15
"d:\Program Files\VSCodeProject\simple-raft\src\main\java\com\avan\simpleraft\db\StateMachine.java", "Java", 0, 0, 0, 0, 0, 123, 12, 26, 161
"d:\Program Files\VSCodeProject\simple-raft\src\main\java\com\avan\simpleraft\log4j.properties", "Java Properties", 0, 0, 0, 0, 0, 0, 0, 1, 1
"d:\Program Files\VSCodeProject\simple-raft\src\main\java\com\avan\simpleraft\log\LogEntry.java", "Java", 0, 0, 0, 0, 0, 16, 2, 9, 27
"d:\Program Files\VSCodeProject\simple-raft\src\main\java\com\avan\simpleraft\log\LogModule.java", "Java", 0, 0, 0, 0, 0, 125, 5, 28, 158
"d:\Program Files\VSCodeProject\simple-raft\src\main\java\com\avan\simpleraft\proto\AppendParam.java", "Java", 0, 0, 0, 0, 0, 20, 7, 15, 42
"d:\Program Files\VSCodeProject\simple-raft\src\main\java\com\avan\simpleraft\proto\AppendResult.java", "Java", 0, 0, 0, 0, 0, 27, 2, 12, 41
"d:\Program Files\VSCodeProject\simple-raft\src\main\java\com\avan\simpleraft\proto\ClientRequest.java", "Java", 0, 0, 0, 0, 0, 16, 1, 10, 27
"d:\Program Files\VSCodeProject\simple-raft\src\main\java\com\avan\simpleraft\proto\ClientResponse.java", "Java", 0, 0, 0, 0, 0, 26, 6, 12, 44
"d:\Program Files\VSCodeProject\simple-raft\src\main\java\com\avan\simpleraft\proto\Request.java", "Java", 0, 0, 0, 0, 0, 22, 3, 7, 32
"d:\Program Files\VSCodeProject\simple-raft\src\main\java\com\avan\simpleraft\proto\Response.java", "Java", 0, 0, 0, 0, 0, 18, 0, 11, 29
"d:\Program Files\VSCodeProject\simple-raft\src\main\java\com\avan\simpleraft\proto\VoteParam.java", "Java", 0, 0, 0, 0, 0, 17, 5, 11, 33
"d:\Program Files\VSCodeProject\simple-raft\src\main\java\com\avan\simpleraft\proto\VoteResult.java", "Java", 0, 0, 0, 0, 0, 27, 2, 13, 42
"d:\Program Files\VSCodeProject\simple-raft\src\main\java\com\avan\simpleraft\rpc\RpcClient.java", "Java", 0, 0, 0, 0, 0, 34, 0, 12, 46
"d:\Program Files\VSCodeProject\simple-raft\src\main\java\com\avan\simpleraft\rpc\RpcServer.java", "Java", 0, 0, 0, 0, 0, 63, 0, 17, 80
"d:\Program Files\VSCodeProject\simple-raft\src\main\java\com\avan\simpleraft\rpc\RpcServerInterface.java", "Java", 0, 0, 0, 0, 0, 7, 0, 3, 10
"d:\Program Files\VSCodeProject\simple-raft\src\main\java\com\avan\simpleraft\rpc\codec\RpcDecoder.java", "Java", 0, 0, 0, 0, 0, 58, 0, 8, 66
"d:\Program Files\VSCodeProject\simple-raft\src\main\java\com\avan\simpleraft\rpc\codec\RpcEncoder.java", "Java", 0, 0, 0, 0, 0, 31, 0, 5, 36
"d:\Program Files\VSCodeProject\simple-raft\src\main\java\com\avan\simpleraft\rpc\constants\ReqType.java", "Java", 0, 0, 0, 0, 0, 21, 0, 7, 28
"d:\Program Files\VSCodeProject\simple-raft\src\main\java\com\avan\simpleraft\rpc\constants\RpcConstant.java", "Java", 0, 0, 0, 0, 0, 5, 0, 2, 7
"d:\Program Files\VSCodeProject\simple-raft\src\main\java\com\avan\simpleraft\rpc\constants\SerilizeType.java", "Java", 0, 0, 0, 0, 0, 20, 0, 6, 26
"d:\Program Files\VSCodeProject\simple-raft\src\main\java\com\avan\simpleraft\rpc\consumer\RpcInvokerProxy.java", "Java", 0, 0, 0, 0, 0, 57, 1, 12, 70
"d:\Program Files\VSCodeProject\simple-raft\src\main\java\com\avan\simpleraft\rpc\core\Header.java", "Java", 0, 0, 0, 0, 0, 48, 7, 8, 63
"d:\Program Files\VSCodeProject\simple-raft\src\main\java\com\avan\simpleraft\rpc\core\RequestHolder.java", "Java", 0, 0, 0, 0, 0, 8, 0, 3, 11
"d:\Program Files\VSCodeProject\simple-raft\src\main\java\com\avan\simpleraft\rpc\core\RpcFuture.java", "Java", 0, 0, 0, 0, 0, 14, 0, 9, 23
"d:\Program Files\VSCodeProject\simple-raft\src\main\java\com\avan\simpleraft\rpc\core\RpcProtocol.java", "Java", 0, 0, 0, 0, 0, 24, 0, 13, 37
"d:\Program Files\VSCodeProject\simple-raft\src\main\java\com\avan\simpleraft\rpc\core\RpcRequest.java", "Java", 0, 0, 0, 0, 0, 40, 0, 27, 67
"d:\Program Files\VSCodeProject\simple-raft\src\main\java\com\avan\simpleraft\rpc\core\RpcResponse.java", "Java", 0, 0, 0, 0, 0, 24, 0, 9, 33
"d:\Program Files\VSCodeProject\simple-raft\src\main\java\com\avan\simpleraft\rpc\handler\RpcClientHandler.java", "Java", 0, 0, 0, 0, 0, 20, 0, 6, 26
"d:\Program Files\VSCodeProject\simple-raft\src\main\java\com\avan\simpleraft\rpc\handler\RpcServerHandler.java", "Java", 0, 0, 0, 0, 0, 45, 0, 12, 57
"d:\Program Files\VSCodeProject\simple-raft\src\main\java\com\avan\simpleraft\rpc\impl\HelloService.java", "Java", 0, 0, 0, 0, 0, 4, 0, 2, 6
"d:\Program Files\VSCodeProject\simple-raft\src\main\java\com\avan\simpleraft\rpc\protocol\NettyClient.java", "Java", 0, 0, 0, 0, 0, 90, 1, 27, 118
"d:\Program Files\VSCodeProject\simple-raft\src\main\java\com\avan\simpleraft\rpc\protocol\NettyServer.java", "Java", 0, 0, 0, 0, 0, 50, 3, 12, 65
"d:\Program Files\VSCodeProject\simple-raft\src\main\java\com\avan\simpleraft\rpc\serial\ISerializer.java", "Java", 0, 0, 0, 0, 0, 6, 0, 2, 8
"d:\Program Files\VSCodeProject\simple-raft\src\main\java\com\avan\simpleraft\rpc\serial\JAVASerial.java", "Java", 0, 0, 0, 0, 0, 39, 0, 8, 47
"d:\Program Files\VSCodeProject\simple-raft\src\main\java\com\avan\simpleraft\rpc\serial\JSONSerial.java", "Java", 0, 0, 0, 0, 0, 17, 0, 7, 24
"d:\Program Files\VSCodeProject\simple-raft\src\main\java\com\avan\simpleraft\rpc\serial\SerializerManager.java", "Java", 0, 0, 0, 0, 0, 13, 0, 6, 19
"d:\Program Files\VSCodeProject\simple-raft\src\main\java\com\avan\simpleraft\rpc\service\HelloService.java", "Java", 0, 0, 0, 0, 0, 6, 0, 3, 9
"d:\Program Files\VSCodeProject\simple-raft\src\main\java\com\avan\simpleraft\rpc\service\HelloServiceImpl.java", "Java", 0, 0, 0, 0, 0, 10, 0, 5, 15
"d:\Program Files\VSCodeProject\simple-raft\src\main\java\com\avan\simpleraft\rpc\spring\SpringBeansManager.java", "Java", 0, 0, 0, 0, 0, 16, 0, 8, 24
"d:\Program Files\VSCodeProject\simple-raft\src\main\java\com\avan\simpleraft\rpc\testnetty\HelloServiceImpl.java", "Java", 0, 0, 0, 0, 0, 12, 0, 7, 19
"d:\Program Files\VSCodeProject\simple-raft\src\main\java\com\avan\simpleraft\rpc\testnetty\NettyClient.java", "Java", 0, 0, 0, 0, 0, 30, 1, 6, 37
"d:\Program Files\VSCodeProject\simple-raft\src\main\java\com\avan\simpleraft\rpc\testnetty\NettyClientHandler.java", "Java", 0, 0, 0, 0, 0, 23, 0, 5, 28
"d:\Program Files\VSCodeProject\simple-raft\src\main\java\com\avan\simpleraft\rpc\testnetty\NettyServer.java", "Java", 0, 0, 0, 0, 0, 37, 3, 10, 50
"d:\Program Files\VSCodeProject\simple-raft\src\main\java\com\avan\simpleraft\rpc\testnetty\NettyServerHandler.java", "Java", 0, 0, 0, 0, 0, 28, 0, 9, 37
"d:\Program Files\VSCodeProject\simple-raft\src\main\java\com\avan\simpleraft\service\HandleRequest.java", "Java", 0, 0, 0, 0, 0, 9, 0, 5, 14
"d:\Program Files\VSCodeProject\simple-raft\src\main\java\com\avan\simpleraft\service\HandleRequestImpl.java", "Java", 0, 0, 0, 0, 0, 26, 0, 9, 35
"d:\Program Files\VSCodeProject\simple-raft\src\main\resources\application.properties", "Java Properties", 0, 0, 0, 0, 0, 0, 0, 2, 2
"d:\Program Files\VSCodeProject\simple-raft\src\test\java\com\avan\simpleraft\SimpleRaftApplicationTests.java", "Java", 0, 0, 0, 0, 0, 93, 16, 16, 125
"Total", "-", 83, 118, 1, 4, 2, 2130, 233, 691, 3262